repeat	arm	commit	tree	expected_api	actual_api	expected_classic	actual_classic	expected_core	actual_core	dependency_exit	test_exit	tests	failures	errors	skipped	failing_suites	nop_signature	unique_failure_ok	direction_ok	duration_seconds
1	A0	41b2abf72827e123c8c472d3f07b30ac3bc24be0	91311bfeca22dc4bec3c4f2f7242f7df7e8ec3e9	1.7.36	1.7.36	1.2.11	1.2.11	1.2.11	1.2.11	0	0	115	0	0	0	0	false	true	true	8
1	A1	4fa8b7fea9971db148c98a5a3816a3c850332a92	ab28946a9d822d3942b00390553e109075e12576	2.0.0	2.0.0	1.2.11	1.2.11	1.2.11	1.2.11	0	1	115	1	0	0	1	true	true	true	7
1	A2	c2695a908a60b5c3db041afa193399cceb18f10c	c2cb3cbf0ab59575ff9d91e602ebee20b707a400	2.0.0	2.0.0	1.4.0	1.4.0	1.4.0	1.4.0	0	0	115	0	0	0	0	false	true	true	8
2	A0	41b2abf72827e123c8c472d3f07b30ac3bc24be0	91311bfeca22dc4bec3c4f2f7242f7df7e8ec3e9	1.7.36	1.7.36	1.2.11	1.2.11	1.2.11	1.2.11	0	0	115	0	0	0	0	false	true	true	8
2	A1	4fa8b7fea9971db148c98a5a3816a3c850332a92	ab28946a9d822d3942b00390553e109075e12576	2.0.0	2.0.0	1.2.11	1.2.11	1.2.11	1.2.11	0	1	115	1	0	0	1	true	true	true	9
2	A2	c2695a908a60b5c3db041afa193399cceb18f10c	c2cb3cbf0ab59575ff9d91e602ebee20b707a400	2.0.0	2.0.0	1.4.0	1.4.0	1.4.0	1.4.0	0	0	115	0	0	0	0	false	true	true	9
3	A0	41b2abf72827e123c8c472d3f07b30ac3bc24be0	91311bfeca22dc4bec3c4f2f7242f7df7e8ec3e9	1.7.36	1.7.36	1.2.11	1.2.11	1.2.11	1.2.11	0	0	115	0	0	0	0	false	true	true	8
3	A1	4fa8b7fea9971db148c98a5a3816a3c850332a92	ab28946a9d822d3942b00390553e109075e12576	2.0.0	2.0.0	1.2.11	1.2.11	1.2.11	1.2.11	0	1	115	1	0	0	1	true	true	true	7
3	A2	c2695a908a60b5c3db041afa193399cceb18f10c	c2cb3cbf0ab59575ff9d91e602ebee20b707a400	2.0.0	2.0.0	1.4.0	1.4.0	1.4.0	1.4.0	0	0	115	0	0	0	0	false	true	true	8
