repeat	config	repository	expected_version	started_at	finished_at	duration_seconds	exit_code	version_artifact_found
1	a0	jcabi-s3	0.24.1	2026-08-24T02:32:07+08:00	2026-08-24T02:32:13+08:00	6	0	true
1	a0	jcabi-simpledb	0.24.1	2026-08-24T02:32:13+08:00	2026-08-24T02:32:23+08:00	10	0	true
1	a0	jcabi-w3c	0.24.1	2026-08-24T02:32:23+08:00	2026-08-24T02:32:29+08:00	6	0	true
1	a0	jcabi-maven-plugin	0.24.1	2026-08-24T02:32:29+08:00	2026-08-24T02:34:21+08:00	112	0	true
1	a1	jcabi-s3	0.25.1	2026-08-24T02:34:21+08:00	2026-08-24T02:34:26+08:00	5	1	true
1	a1	jcabi-simpledb	0.25.1	2026-08-24T02:34:26+08:00	2026-08-24T02:34:33+08:00	7	1	true
1	a1	jcabi-w3c	0.25.1	2026-08-24T02:34:33+08:00	2026-08-24T02:34:41+08:00	8	0	true
1	a1	jcabi-maven-plugin	0.25.1	2026-08-24T02:34:41+08:00	2026-08-24T02:36:31+08:00	110	0	true
1	a2	jcabi-s3	0.25.1	2026-08-24T02:36:32+08:00	2026-08-24T02:36:38+08:00	6	0	true
1	a2	jcabi-simpledb	0.25.1	2026-08-24T02:36:39+08:00	2026-08-24T02:36:49+08:00	10	0	true
1	a2	jcabi-w3c	0.25.1	2026-08-24T02:36:49+08:00	2026-08-24T02:36:56+08:00	7	0	true
1	a2	jcabi-maven-plugin	0.25.1	2026-08-24T02:36:56+08:00	2026-08-24T02:38:48+08:00	112	0	true
1	a3-before	jcabi-s3	0.22.2	2026-08-24T02:38:49+08:00	2026-08-24T02:38:55+08:00	6	0	true
1	a3-before	jcabi-simpledb	0.22.2	2026-08-24T02:38:55+08:00	2026-08-24T02:39:05+08:00	10	0	true
1	a3-before	jcabi-w3c	0.22.2	2026-08-24T02:39:05+08:00	2026-08-24T02:39:12+08:00	7	0	true
1	a3-before	jcabi-maven-plugin	0.22.2	2026-08-24T02:39:13+08:00	2026-08-24T02:41:04+08:00	111	0	true
1	a3-after	jcabi-s3	0.22.3	2026-08-24T02:41:05+08:00	2026-08-24T02:41:11+08:00	6	0	true
1	a3-after	jcabi-simpledb	0.22.3	2026-08-24T02:41:11+08:00	2026-08-24T02:41:20+08:00	9	0	true
1	a3-after	jcabi-w3c	0.22.3	2026-08-24T02:41:20+08:00	2026-08-24T02:41:27+08:00	7	0	true
1	a3-after	jcabi-maven-plugin	0.22.3	2026-08-24T02:41:27+08:00	2026-08-24T02:43:15+08:00	108	0	true
