neqsim.PVTsimulation.simulation.SaturationPressureTest	1	0	1	0
neqsim.PVTsimulation.simulation.SaturationTemperatureTest	1	0	1	0
neqsim.fluidMechanics.flowSystem.onePhaseFlowSystem.pipeFlowSystem.PipeFlowSystemTest	5	0	5	0
neqsim.physicalProperties.physicalPropertyMethods.commonPhasePhysicalProperties.viscosity.FrictionTheoryViscosityMethodTest	1	0	1	0
neqsim.physicalProperties.physicalPropertyMethods.liquidPhysicalProperties.density.CostaldTest	1	0	1	0
neqsim.processSimulation.measurementDevice.WellAllocatorTest	1	0	1	0
neqsim.processSimulation.measurementDevice.pHProbeTest	4	0	2	0
neqsim.processSimulation.processEquipment.absorber.SimpleAbsorberTest	1	0	1	0
neqsim.processSimulation.processEquipment.adsorber.SimpleAdsorberTest	1	0	1	0
neqsim.processSimulation.processEquipment.compressor.CompressorCalculationTest	2	0	2	0
neqsim.processSimulation.processEquipment.compressor.CompressorChartTest	1	0	1	0
neqsim.processSimulation.processEquipment.compressor.CompressorPropertyProfileTest	2	0	2	0
neqsim.processSimulation.processEquipment.compressor.CompressorTest	7	0	7	0
neqsim.processSimulation.processEquipment.mixer.MixerTest	1	0	1	0
neqsim.processSimulation.processEquipment.powerGeneration.GasTurbineTest	1	0	1	0
neqsim.processSimulation.processEquipment.pump.PumpTest	1	0	1	0
neqsim.processSimulation.processEquipment.separator.SeparatorTest	2	0	2	0
neqsim.processSimulation.processEquipment.splitter.ComponentSplitterTest	1	0	1	0
neqsim.processSimulation.processEquipment.stream.StreamTest	2	0	2	0
neqsim.processSimulation.processSystem.GlycolRigTest	1	0	1	0
neqsim.processSimulation.processSystem.ProcessSystemControllerTest	4	0	4	0
neqsim.processSimulation.processSystem.ProcessSystemRunTransientTest	4	0	4	0
neqsim.processSimulation.processSystem.ProcessSystemTest	41	0	41	0
neqsim.processSimulation.util.example.process1Test	1	0	1	0
neqsim.standards.gasQuality.Draft_GERG2004Test	1	0	1	0
neqsim.standards.gasQuality.Draft_ISO18453Test	1	0	1	0
neqsim.standards.gasQuality.Standard_ISO6578Test	1	0	1	0
neqsim.standards.gasQuality.Standard_ISO6976Test	1	0	1	0
neqsim.standards.salesContract.BaseContractTest	1	0	1	0
neqsim.thermo.component.ComponentHydrateGFTest	1	0	1	0
neqsim.thermo.component.ComponentTest	1	0	1	0
neqsim.thermo.system.SystemElectrolyteCPATest	1	0	1	0
neqsim.thermo.system.SystemPrEoSTest	1	0	1	0
neqsim.thermo.system.SystemPropertiesTest	1	0	1	0
neqsim.thermo.system.SystemSrkCPAstatoilTest	1	0	1	0
neqsim.thermo.system.SystemSrkSchwartzentruberEosTest	1	0	1	0
neqsim.thermo.system.SystemThermoAddComponentTest	4	0	4	0
neqsim.thermo.system.SystemThermoSetMolarCompositionTest	6	0	6	0
neqsim.thermo.system.SystemUMRPRUMCEosNewTest	1	0	1	0
neqsim.thermo.util.example.FlashGasTest	1	0	1	0
neqsim.thermo.util.example.FlashOilTest	1	0	1	0
neqsim.thermo.util.example.FlashWaterTest	1	0	1	0
neqsim.thermo.util.example.KlabFlashBugTest	1	0	1	0
neqsim.thermo.util.example.SrkEoSTest	1	0	1	0
neqsim.thermo.util.example.SrkOilCharacterizationTest	1	0	1	0
neqsim.thermo.util.example.VapourPressureTTest	1	0	1	0
neqsim.thermo.util.readwrite.EclipseFluidReadWriteTest	3	0	3	0
neqsim.thermodynamicOperations.ThermodynamicOperationsTest	6	0	6	0
neqsim.thermodynamicOperations.flashOps.PHFlashGERG2008Test	1	0	1	0
neqsim.thermodynamicOperations.flashOps.PHFlashTest	1	0	1	0
neqsim.thermodynamicOperations.flashOps.PSFlashGERG2008Test	1	0	1	0
neqsim.thermodynamicOperations.flashOps.TPFlashTest	3	0	3	0
neqsim.thermodynamicOperations.flashOps.TVFlashTest	1	0	1	0
